INSERT INTO vehicle (id, name, brand, image_url, vehicle_type, fuel, engine, year, active) VALUES
(
    1, 'Kia Morning', 'Kia', 'https://firebasestorage.googleapis.com/v0/b/travel-web-7b510.appspot.com/o/car%2Fdefault_lrg.jpg?alt=media&token=bc8c6c9b-a920-436c-8bf6-38e35f62d331',
    'car', 'Xăng', 1.0, 2018, 1
),
(
    2, 'Hyundai Grand i10', 'Hyundai', 'https://firebasestorage.googleapis.com/v0/b/travel-web-7b510.appspot.com/o/car%2Fdefault_lrg.jpg?alt=media&token=bc8c6c9b-a920-436c-8bf6-38e35f62d331',
    'car', 'Xăng', 1.2, 2019, 1
),
(
    3, 'Toyota Yaris', 'Toyota', 'https://firebasestorage.googleapis.com/v0/b/travel-web-7b510.appspot.com/o/car%2Fdefault_lrg.jpg?alt=media&token=bc8c6c9b-a920-436c-8bf6-38e35f62d331',
    'car', 'Xăng', 1.5, 2021, 1
),
(
    4, 'Mazda 3', 'Mazda', 'https://firebasestorage.googleapis.com/v0/b/travel-web-7b510.appspot.com/o/car%2Fdefault_lrg.jpg?alt=media&token=bc8c6c9b-a920-436c-8bf6-38e35f62d331',
    'car', 'Xăng', 2.0, 2023, 1
),
(
    5, 'Honda City', 'Honda', 'https://firebasestorage.googleapis.com/v0/b/travel-web-7b510.appspot.com/o/car%2Fdefault_lrg.jpg?alt=media&token=bc8c6c9b-a920-436c-8bf6-38e35f62d331',
    'car', 'Xăng', 1.5, 2021, 1
),
(
    6, 'Nissan Sunny', 'Nissan', 'https://firebasestorage.googleapis.com/v0/b/travel-web-7b510.appspot.com/o/car%2Fdefault_lrg.jpg?alt=media&token=bc8c6c9b-a920-436c-8bf6-38e35f62d331',
    'car', 'Xăng', 1.6, 2020, 1
),
(
    7, 'Ford Focus', 'Ford', 'https://firebasestorage.googleapis.com/v0/b/travel-web-7b510.appspot.com/o/car%2Fdefault_lrg.jpg?alt=media&token=bc8c6c9b-a920-436c-8bf6-38e35f62d331',
    'car', 'Xăng', 1.5, 2023, 1
),
(
    8, 'Mitsubishi Outlander', 'Mitsubishi', 'https://firebasestorage.googleapis.com/v0/b/travel-web-7b510.appspot.com/o/car%2Fdefault_lrg.jpg?alt=media&token=bc8c6c9b-a920-436c-8bf6-38e35f62d331',
    'car', 'Xăng', 2.4, 2021, 1
),
(
    9, 'Chevrolet Spark', 'Chevrolet', 'https://firebasestorage.googleapis.com/v0/b/travel-web-7b510.appspot.com/o/car%2Fdefault_lrg.jpg?alt=media&token=bc8c6c9b-a920-436c-8bf6-38e35f62d331',
    'car', 'Xăng', 1.0, 2019, 1
),
(
    10, 'Toyota Camry', 'Toyota', 'https://firebasestorage.googleapis.com/v0/b/travel-web-7b510.appspot.com/o/car%2Fdefault_lrg.jpg?alt=media&token=bc8c6c9b-a920-436c-8bf6-38e35f62d331',
    'car', 'Xăng', 2.5, 2022, 1
),
(
    11, 'Yamaha Exciter 150', 'Yamaha', 'https://firebasestorage.googleapis.com/v0/b/backenddoan-4e905.firebasestorage.app/o/Default_motor.PNG?alt=media&token=ba8a8a55-1e84-4834-812f-6421be9fa38e',
    'motor', 'Xăng', 150, 2020, 1
),
(
    12, 'Honda Winner X', 'Honda', 'https://firebasestorage.googleapis.com/v0/b/backenddoan-4e905.firebasestorage.app/o/Default_motor.PNG?alt=media&token=ba8a8a55-1e84-4834-812f-6421be9fa38e',
    'motor', 'Xăng', 150, 2021, 1
),
(
    13, 'Suzuki Raider 150', 'Suzuki', 'https://firebasestorage.googleapis.com/v0/b/backenddoan-4e905.firebasestorage.app/o/Default_motor.PNG?alt=media&token=ba8a8a55-1e84-4834-812f-6421be9fa38e',
    'motor', 'Xăng', 150, 2019, 1
),
(
    14, 'Yamaha MT-15', 'Yamaha', 'https://firebasestorage.googleapis.com/v0/b/backenddoan-4e905.firebasestorage.app/o/Default_motor.PNG?alt=media&token=ba8a8a55-1e84-4834-812f-6421be9fa38e',
    'motor', 'Xăng', 155, 2021, 1
),
(
    15, 'Honda CBR150R', 'Honda', 'https://firebasestorage.googleapis.com/v0/b/backenddoan-4e905.firebasestorage.app/o/Default_motor.PNG?alt=media&token=ba8a8a55-1e84-4834-812f-6421be9fa38e',
    'motor', 'Petrol', 150, 2020, 1
),
(
    16, 'Kawasaki Ninja 250', 'Kawasaki', 'https://firebasestorage.googleapis.com/v0/b/backenddoan-4e905.firebasestorage.app/o/Default_motor.PNG?alt=media&token=ba8a8a55-1e84-4834-812f-6421be9fa38e',
    'motor', 'Xăng', 250, 2018, 1
),
(
    17, 'Honda SH150i', 'Honda', 'https://firebasestorage.googleapis.com/v0/b/backenddoan-4e905.firebasestorage.app/o/Default_motor.PNG?alt=media&token=ba8a8a55-1e84-4834-812f-6421be9fa38e',
    'motor', 'Xăng', 150, 2020, 1
),
(
    18, 'Suzuki V-Strom 650', 'Suzuki', 'https://firebasestorage.googleapis.com/v0/b/backenddoan-4e905.firebasestorage.app/o/Default_motor.PNG?alt=media&token=ba8a8a55-1e84-4834-812f-6421be9fa38e',
    'motor', 'Xăng', 650, 2021, 1
);

INSERT INTO car (car_id, transmission, baggage_capacity, seats) VALUES
(1, 'Số tự động', 2, 4),
(2, 'Số tự động', 2, 4),
(3, 'Số tự động', 3, 5),
(4, 'Số tự động', 2, 5),
(5, 'Số tự động', 3, 5),
(6, 'Số sàn', 3, 5),
(7, 'Số tự động', 2, 5),
(8, 'Số tự động', 5, 7),
(9, 'Số sàn', 2, 4),
(10, 'Số tự động', 4, 5);

INSERT INTO motor (motor_id, capacity) VALUES
(11, 150), (12, 150), (13, 150), (14, 155), (15, 150),
(16, 250), (17, 150), (18, 650);

INSERT INTO rental_facility (name, phone_number, email, description, address, review_count) VALUES
('Mouse Showroom Rental', '02412345678', 'info@mouserental.com.vn', NULL, NULL, 100),
('Buffalo Showroom Rental', '02423456789', 'contact@buffalorental.com.vn', NULL, NULL, 85),
('Tiger Showroom Rental', '02898765432', 'support@tigerrental.com.vn', NULL, NULL, 150),
('Cat Showroom Rental', '02364567890', 'info@catrental.com.vn', NULL, NULL, 120),
('Dragon Showroom Rental', '02925678901', 'booking@dragonrental.com.vn', NULL, NULL, 50),
('Snake Showroom Rental', '02581234567', 'contact@snakerental.com.vn', NULL, NULL, 300),
('Horse Showroom Rental', '02834567890', 'info@horserental.com.vn', NULL, NULL, 110),
('Goat Showroom Rental', '02366789012', 'support@goatrental.com.vn', NULL, NULL, 90),
('Thai Binh Rental', '02366789012', 'support@thaibinh.com.vn', NULL, NULL, 90);


INSERT INTO office (attraction_id, rental_facility_id) VALUES
(1, 1), (2, 1), (3, 1),
(4, 2), (5, 2), (6, 2),
(7, 3), (8, 3), (9, 3),
(10, 4), (11, 4), (12, 4),
(13, 5), (14, 5), (15, 5),
(16, 6), (17, 6), (18, 6),
(19, 7), (20, 7), (21, 7),
(22, 8), (23, 8), (24, 8),
(25, 9);

INSERT INTO rental_vehicle (vehicle_id, rental_facility_id, price, stake, available_vehicle) VALUES
(1, 1, 500000, 1500000, 5),
(1, 3, 520000, 1560000, 4),
(1, 7, 550000, 1650000, 3),
(2, 2, 850000, 2550000, 2),
(2, 5, 820000, 2460000, 1),
(2, 8, 800000, 2400000, 2),
(3, 3, 600000, 1800000, 6),
(3, 1, 650000, 1950000, 5),
(3, 6, 620000, 1860000, 4),
(4, 4, 700000, 2100000, 3),
(4, 5, 720000, 2160000, 2),
(4, 2, 750000, 2250000, 3),
(5, 6, 650000, 1950000, 4),
(5, 7, 680000, 2040000, 3),
(5, 1, 700000, 2100000, 2),
(6, 8, 550000, 1650000, 5),
(6, 3, 600000, 1800000, 4),
(6, 2, 570000, 1710000, 3),
(7, 2, 500000, 1500000, 5),
(7, 5, 520000, 1560000, 4),
(7, 4, 550000, 1650000, 3),
(8, 1, 750000, 2250000, 3),
(8, 6, 780000, 2340000, 2),
(8, 3, 800000, 2400000, 4),
(9, 4, 850000, 2550000, 2),
(9, 5, 880000, 2640000, 1),
(9, 2, 900000, 2700000, 2),
(10, 6, 550000, 1650000, 5),
(10, 7, 580000, 1740000, 4),
(10, 1, 600000, 1800000, 3),
(11, 3, 700000, 2100000, 3),
(11, 4, 720000, 2160000, 2),
(11, 2, 750000, 2250000, 3),
(12, 5, 800000, 2400000, 2),
(12, 8, 820000, 2460000, 1),
(12, 1, 850000, 2550000, 2),
(13, 6, 650000, 1950000, 4),
(13, 7, 680000, 2040000, 3),
(13, 4, 700000, 2100000, 2),
(14, 3, 550000, 1650000, 5),
(14, 5, 580000, 1740000, 4),
(14, 1, 600000, 1800000, 3),
(15, 8, 650000, 1950000, 4),
(15, 2, 680000, 2040000, 3),
(15, 4, 700000, 2100000, 2),
(16, 3, 250000, 750000, 10),
(16, 6, 280000, 840000, 8),
(16, 1, 300000, 900000, 9),
(17, 2, 400000, 1200000, 5),
(17, 4, 420000, 1260000, 3),
(17, 5, 450000, 1350000, 4),
(18, 3, 350000, 1050000, 6),
(18, 1, 360000, 1080000, 5),
(18, 6, 380000, 1140000, 7);

INSERT INTO accessory (name, price, type, max_value) VALUES
('GPS', 300000, 'car', 1),
('Ghế trẻ em', 250000, 'car', 2),
('Ghế em bé', 250000, 'car', 2),
('GPS', 200000, 'motor', 1),
('Mũ bảo hiểm bổ sung', 50000, 'motor', 2),
('Áo mưa', 20000, 'motor', 3);
